course,catalog_title,catalog_category,units,description,prerequisites,corequisites,repeatable,repeat_max,grading,typically_offered,delivery_method,course_type_recorded,learning_outcomes,last_proposal,last_form,proposal_count
MUS 103A,Elementary Piano for Non-Majors I,Music: Courses for Non-Music Majors,,Beginner-level instruction in piano for non-majors. Includes basic musicianship and music literacy with a specific application to the piano. Assumes no prior musical experiences.,,,,,A-F or CR/NC (student choice).,,,Music: Courses for Non-Music Majors,,2019-02-15,2019-20,1
MUS 103B,Elementary Piano for Non-Majors II,Music: Courses for Non-Music Majors,,Beginner-to-early intermediate level instruction in piano for non-majors. Includes musicianship and music literacy with a specific application to recreational piano playing. Assumes some prior musical knowledge.,,,,,A-F or CR/NC (student choice).,,,Music: Courses for Non-Music Majors,,2019-02-15,2019-20,1
MUS 106,History of Rock Music,Music: Courses for Non-Music Majors,3,"A survey of important performers and styles from the 1950's to the present, and of the music's African, rhythm and blues, and classical music sources. Previous musical training not necessary.",,,,,A-F or CR/NC (student choice).,,Entirely On-line,,"Express informed opinions and judgments about a variety of styles of popular music; Communicate critical thoughts, opinions, and judgments about the creative work of different artists and bands from the 1950's forward Make connections between cultural influences, social/political movements, and relevant events and popular music of the same time period Quickly recall factual knowledge about different artists/bands and contributing factors to their artistry and artistic output from the 1940's forward; Identify and discuss forms and influences of diverse cultures in American popular music; Research and present a genre and a single artist/ group that are of personal significance to the student",2025-09-15,2026-27,3
MUS 106B,Music in Film,Music: Courses for Non-Music Majors,3,Exploration of the role of music in films as it stimulates the emotional response to the visual aspects of the art form and an examination of the historical evolution of film scoring.,,,,,A-F or CR/NC (student choice).,,Entirely On-line,,"1. Demonstrate factual knowledge of musically significant films and film composers; 2. Discuss music in film using proper musical terminology, i.e. timbre, dynamics, register, instrumentation, etc; 3. Demonstrate the ability to identify distinctive elements of specific genres of film music; 4. View and analyze films featuring musical elements and/or composers from a variety of cultures and traditions, with a primary focus on American film; 5. Identify, analyze and discuss the use of music from an aesthetic and creative perspective; 6. Present the student's own analysis and commentary on a specific film's music.",2025-09-15,2026-27,3
MUS 106C,History of the Blues,Music: Courses for Non-Music Majors,3,Examination of a musical genre that forms the backbone of much American popular music. Survey of the way the various Blues sub-genres have influenced popular music and culture in the United States.,,,,,A-F or CR/NC (student choice).,,Entirely On-line,,"1. Apply a range of general and specialized terms relating to the study of music; 2. Quickly recall factual knowledge and communicate critical thoughts about key performers of the blues and factors that contributed to their artistry and output; 3. Express informed opinions and judgments about several styles of the blues and explain how they were shaped by the historical, social, political, and economic contexts in which they were created, consumed, and valued; 4. Describe your aesthetic experience of the blues in ways that capture your imagination, sensitivity, and emotional responses to the sounds you hear.",2025-09-15,2026-27,3
MUS 108,The Language of Music,Music: Courses for Non-Music Majors,3,"Introduction to the materials and structures of Western tonal music, including notation, rhythm, scales, intervals, chords, and form. Students practice listening, analysis, and short creative projects while exploring how music communicates expression, cultural meaning, and identity across settings.",,,,,A-F or CR/NC (student choice).,,On-ground.,Music: Courses for Non-Music Majors,"Apply music theory terminology to read, write, and describe musical notation (pitches, rhythms, intervals, scales, chords, cadences, and forms). Demonstrate how fundamental musical concepts support expression and communication in music. Evaluate their own aesthetic responses to music using theoretical vocabulary. Examine how cultural and historical contexts shape the use and perception of musical fundamentals. Describe how diverse identities influence the creation, performance, and reception of music. Identify the roles that music plays in different settings (worship, entertainment, protest, community).",2025-09-15,2026-27,3
MUS 109,Music Theory,Music: Theory and Musicianship,2,"Intensive course that introduces students to the inner workings of music of the 18th, 19th, and 20th centuries, from diatonic harmony, part-writing, voice-leading, and harmonization techniques to chromatic harmony, tonicization and modulation and other advanced tonal and modal procedures.",,,,6,A-F or CR/NC (student choice).,Fall & Spring,Entirely On-ground.,Music: Theory and Musicianship,"Demonstrate skill in diatonic and chromatic harmony, voiceleading and advanced tonal procedures. Read, write, analyze, and discuss music, with correct terminology and nomenclature. Discuss and evaluate music, from an aesthetic and technical point of view. Implement the principles and concepts studied in class via performance on their major instrument or voice, or in their compositional craft.",2023-09-14,2024-25,1
MUS 110,Aural Skills,Music: Theory and Musicianship,1,"Development of music reading skills applicable to all instrumental and vocal performance media. Melodic, rhythmic and harmonic dictation, analysis and singing of melodies and melodic exercises; study and performance of basic rhythmic materials.",,,,3,A-F or CR/NC (student choice).,Fall & Spring,Entirely On-ground.,Music: Theory and Musicianship,"Read, write, and analyze music, with correct terminology and nomenclature. Perform melodies and rhythms of musical examples accurately. Take melodic, harmonic, and rhythmic dictation appropriate to the level of music examples being performed in class. Implement the principles and concepts studied in class via performance on your major instrument or voice.​",2023-09-14,2024-25,1
MUS 111,Music Theory I,Music: Theory and Musicianship,3,,,,,,A-F or CR/NC (student choice),,Entirely On-ground,,"Master the vocabulary and elements of music. Demonstrate fluency in the basic principals of harmony and voiceleading. Read, write, analyze, and discuss music, with correct terminology and nomenclature. Discuss and evaluate music, from an aesthetic and technical point of view. Implement the principles and concepts studied in class via performance on your major instrument or voice.",2019-08-07,Z-9-CR: Course - U,2
MUS 112,Music Theory II,Music: Theory and Musicianship,3,,MUS 111,,,,A-F or CR/NC (student choice),,Entirely On-ground,,"Demonstrate skill in diatonic harmony and voiceleading. Read, write, analyze, and discuss music, with correct terminology and nomenclature. Discuss and evaluate music, from an aesthetic and technical point of view. Implement the principles and concepts studied in class via performance on your major instrument or voice.",2019-08-07,Z-8-CR3: Course - ,2
MUS 115,Aural Skills I,Music: Theory and Musicianship,1,"Development of music reading skills applicable to all instrumental and vocal performance media. Dictation, analysis and singing of melodies and melodic exercises; study and performance of basic rhythmic materials.",,"MUS 111, MUS 118A.",No,,A-F or CR/NC (student choice),,Entirely On-ground,Music: Theory,"Read, write, and analyze music, with correct terminology and nomenclature. Perform melodies and rhythms of musical examples accurately. Take melodic, harmonic, and rhythmic dictation appropriate to the level of music examples being performed in class. Implement the principles and concepts studied in class via performance on your major instrument or voice.​",2016-05-05,semester conversion 2016,1
MUS 116,Aural Skills II,Music: Theory and Musicianship,1,"Development of music reading skills applicable to all instrumental and vocal performance media. Dictation, analysis and singing of melodies and melodic exercises; study and performance of basic rhythmic materials.",MUS 115.,"MUS 112, MUS 118B.",No,,A-F or CR/NC (student choice),,Entirely On-ground,Music: Theory,"Read, write, and analyze music, with correct terminology and nomenclature. Perform melodies and rhythms of musical examples accurately. Take melodic, harmonic, and rhythmic dictation appropriate to the level of music examples being performed in class. Implement the principles and concepts studied in class via performance on your major instrument or voice.",2016-05-05,semester conversion 2016,1
MUS 118,Keyboard Musicianship I,Music: Theory and Musicianship,1,"Group instruction in piano for music majors. Emphasis on reading from staff notation, technique, keyboard harmony, improvisation, and repertoire.",,,N,,A-F or CR/NC (student choice).,Spring ONLY,Entirely On-ground.,Music: Theory and Musicianship,"Perform major and minor pentascales in all keysPerform all major scales and arpeggios, 2 octaves. Perform a basic chord progression in multiple major keys. Perform major triads and inversions. Provide basic harmonization to simple melodies. Transpose simple melodies with accompaniment. Improve reading and sight-reading abilities at the keyboard. Prepare repertoire for public performance in front of peers and instructorImprovise appropriately leveled patterns within clearly defined parameters",2023-02-13,2023-24,2
MUS 119,Keyboard Musicianship II,Music: Theory and Musicianship,1,"Group instruction in piano for music majors. Emphasis on reading from staff notation, technique, keyboard harmony, improvisation, and repertoire.",,,N,,A-F or CR/NC (student choice).,Fall ONLY,Entirely On-ground.,Music: Theory and Musicianship,"â— Identify and perform major and minor scales â— Identify and perform major and minor arpeggios â— Analyze, identify, and perform various types of chords and inversions â— Analyze and perform diatonic chord progressions involving primary chords â— Provide harmonization to short melodies using diatonic chords â— Sing melodies while playing two-hand accompaniments â— Realize harmonies using lead-sheet symbols and Roman numerals â— Transpose short musical examples to other keys â— Sight-reading musical examples in grand staff, four to eight bars, hands together â— Prepare and perform repertoire in front of peers and instructor â— Improvise appropriately leveled patterns within clearly defined parameters â— Play multi-keyboard ensemble pieces",2023-02-13,2023-24,2
MUS 121,Music Through the Ages,Music: Courses for Non-Music Majors,3,"This course explores the music of the United States, including folk, religious, jazz and pop music, world music, and European art music. You will improve your ability to listen to music intelligently and deepen your understanding of musical context.",MUS112 or permission of instructor.,,Yes,May be repeated once for a total of 3 units.,A-F or CR/NC (student choice).,,Entirely On-ground,Music: Courses for Non-Music Majors,"Apply a range of general and specialized terms relating to the study of music; demonstrate an in-depth familiarity with several major musical traditions in the Western world and beyond; explain ways in which musical expressions relate to the value systems and thought processes of the cultures that create and sustain them; and describe one's aesthetic experience of music in ways that capture one's imagination, sensitivity, and emotional responses to the sounds heard.",2025-09-15,2026-27,6
MUS 202,Writing About Music,Music: Business and Entrepreneurship,,"This course is designed to help students develop academic writing skills in the context of music. Students will learn to analyze, synthesize, evaluate and write critically about topics in music. This class will also address music research tools and resources.",,,,,A-F grading only.,Fall & Spring,,Music,See revisions below.,2020-10-06,2020-21,2
MUS 211,Music Theory III,Music: Theory and Musicianship,3,"Sequences, secondary dominants, tonicization and modulation, phrase and motivic analysis, chromaticism, advanced tonal procedures.","MUS 112, MUS 116, MUS 118B.",MUS 215.,No,,A-F or CR/NC (student choice),,Entirely On-ground,Music: Theory,"Demonstrate skill in chromatic harmony and voiceleading and advanced tonal procedures. Read, write, analyze, and discuss music, with correct terminology and nomenclature. Discuss and evaluate music, from an aesthetic and technical point of view. Implement the principles and concepts studied in class via performance on your major instrument or voice.",2019-08-07,Z-8-CR3: Course - ,2
MUS 215,Aural Skills III,Music: Theory and Musicianship,1,"Development of music reading skills applicable to all instrumental and vocal performance media. Melodic, rhythmic and harmonic dictation, analysis and singing of melodies and melodic exercises; study and performance of basic rhythmic materials.","MUS 112, MUS 116.",MUS 211.,No,,A-F or CR/NC (student choice),,Entirely On-ground,Music: Theory,"Read, write, and analyze music, with correct terminology and nomenclature. Perform melodies and rhythms of musical examples accurately. Take melodic, harmonic, and rhythmic dictation appropriate to the level of music examples being performed in class. Implement the principles and concepts studied in class via performance on your major instrument or voice.​",2016-05-10,semester conversion 2016,1
MUS 218,Keyboard Musicianship III,Music: Theory and Musicianship,1,"Group instruction in piano for music majors. Emphasis on reading from staff notation, technique, keyboard harmony, improvisation, and repertoire.",,,N,,A-F or CR/NC (student choice).,Spring ONLY,Entirely On-ground.,Music: Theory and Musicianship,"â— Identify and perform major and minor scales â— Identify and perform major and minor arpeggios â— Analyze, identify, and perform various types of chords and inversions â— Analyze and perform diatonic chord progressions involving primary chords â— Provide harmonization to short melodies using diatonic chords â— Sing melodies while playing two-hand accompaniments â— Realize harmonies using lead-sheet symbols and Roman numerals â— Transpose short musical examples to other keys â— Sight-reading musical examples in grand staff, four to eight bars, hands together â— Prepare and perform repertoire in front of peers and instructor â— Improvise appropriately leveled patterns within clearly defined parameters â— Play multi-keyboard ensemble pieces",2023-02-13,2023-24,2
MUS 231,Basic String Techniques,Music: Music Education,1,"Presents pedagogy and techniques for teaching violin, viola, cello, and bass in a school ensemble setting.",,,N,,A-F or CR/NC (student choice).,Variable Intermittently,On-ground.,Music: Music Education,"Learn the basic skills and mechanics involved with playing the violin, viola, cello, and double bass. Perform scales, studies, and solo material appropriate to elementary-level students. Implement pedagogical techniques and examine common issues/difficulties appropriate to beginning string students. Survey and analyze pedagogical materials, e.g. methods and solo literature, for elementary string students.",2025-09-14,2026-27,2
MUS 232,Basic Woodwind Techniques,Music: Music Education,1,"Presents pedagogy and techniques for developing performance ability on flute, clarinet, saxophone, oboe, and bassoon.",,,N,,A-F or CR/NC (student choice).,Variable Intermittently,On-ground.,Music: Music Education,"Learn the basic skills and mechanics involved with playing the flute, clarinet, saxophone, oboe, and bassoon. Perform scales, studies, and solo material appropriate to elementary-level students. Implement pedagogical techniques and examine common issues/difficulties appropriate to beginning woodwind students. Survey and analyze pedagogical materials, e.g. methods and solo literature, for elementary woodwind students.",2025-09-14,2026-27,2
MUS 233,Basic Brass Techniques,Music: Music Education,1,"Presents pedagogy and techniques for developing performance ability on trumpet, French horn, trombone, and tuba.",,,N,,A-F or CR/NC (student choice).,Variable Intermittently,On-ground.,Music: Music Education,"Learn the basic skills and mechanics involved with playing the trumpet, French horn, trombone, and tuba. Perform scales, studies, and solo material appropriate to elementary-level brass students. Implement pedagogical techniques and examine common issues/difficulties appropriate to beginning brass students. Survey and analyze pedagogical materials, e.g. methods and solo literature, for elementary brass students.",2025-09-14,2026-27,2
MUS 234,Basic Percussion Techniques,Music: Music Education,1,Presents pedagogy and techniques for developing performance ability on percussion instruments.,,,N,,A-F or CR/NC (student choice).,Variable Intermittently,On-ground.,Music: Music Education,"Learn the basic skills and mechanics involved with playing and teaching percussion instruments in a school setting. Perform scales, studies, and solo material appropriate to elementary-level students. Implement pedagogical techniques and examine common issues/difficulties appropriate to beginning percussion students. Survey and analyze pedagogical materials, e.g. methods and solo literature, for elementary percussion students.",2025-09-14,2026-27,2
MUS 235,Basic Guitar Techniques,Music: Music Education,1,Fundamentals of playing guitar with emphasis on developing competencies sufficient to employ the instrument in an educational setting.,,,No,,A-F or CR/NC (student choice),,Entirely On-ground,Music: Education,"Learn the basic skills and mechanics involved with playing the guitar and using the guitar as an accompanying instrument Perform scales,chords, and solo material appropriate for beginning guitar student Implement pedagogical techniques and examine common issues/difficulties appropriate to beginning guitarists Survey and analyze pedagogical materials, e.g. methods and solo literature, for beginning guitar students",2016-05-01,semester conversion 2016,1
MUS 236,Basic Vocal Techniques,Music: Music Education,1,Class instruction in fundamentals of singing.,,,No,,A-F or CR/NC (student choice),,Entirely On-ground,Music: Education,"Improve singing through regular practicing of vocal exercises and songs Be come familiar with significant sources on vocal pedagogy and the art of singing Demonstrate an understanding of the basics of breathing, posture, and good vocal tone production Perform vocal music in solo and ensemble settings, demonstrating proper technique Gain knowledge of vocal warm-ups and techniques for healthy vocal music as appropriate to a school setting",2016-05-01,semester conversion 2016,1
MUS 238,Band: Concert Band Workshop,Music: Music Education,1,"Beginning Inclusive Collegiate Band that is open to all students with instrumental experience. Led by music education majors, the ensemble performs repertoire designed to foster musical growth, practical teaching skills, and collaborative performance.",,,Y,4,A-F or CR/NC (student choice).,Fall & Spring,On-ground.,Music: Music Education,"Demonstrate developing proficiency on an instrument through consistent participation in an ensemble setting. Perform elementary-level repertoire appropriate for K–12 school ensembles with accuracy, expression, and ensemble awareness. Apply fundamental conducting and rehearsal techniques in a live ensemble context. Integrate prior knowledge of instrumental techniques into a heterogeneous group performance setting. Collaborate effectively with peers to foster musical growth, ensemble cohesion, and inclusive musicianship.",2025-09-14,2026-27,2
MUS 261,Applied Study: Piano,Music: Applied Study (LD),1,Individual instruction for music majors or minors at the Lower Division performance level. Students demonstrate progress before a faculty jury at the end of each semester. A failed jury results in a failing grade for the course. Audition required.,,Minimum of one course from the MUS 351-355 series.,Y,8,A-F grading only.,Fall & Spring,Entirely On-ground.,Music: Applied Study (LD),"Develop technical skills through pedagogically appropriate repertoire, exercises, and drills. Improve knowledge and awareness of musical style and performance practice. Develop effective strategies for learning new repertoire, solving musical problems, and increasing facility at the keyboard. Bring a prescribed group of works to a performance-level standard of completion.",2022-02-22,2021-22,1
MUS 261G,Group Applied Study: Piano,Music: Applied Study (LD),1,Group applied instruction in piano at the Lower Division performance level.,MUS 111,,Y,4,A-F or CR/NC (student choice).,Fall & Spring,Entirely On-ground.,Music: Applied Study (LD),"Develop technical skills through pedagogically appropriate repertoire, exercises, and drills. Improve knowledge and awareness of musical style and performance practice Develop effective strategies for learning new repertoire, solving musical problems, and increasing facility at the keyboard. Bring a prescribed group of works to a performance-level standard of completion. Work with other musicians to refine musical performance in a collaborative environment",2022-02-22,2021-22,1
MUS 262,Applied Study: Voice,Music: Applied Study (LD),1,Individual instruction for music majors or minors at the Lower Division performance level. Students demonstrate progress before a faculty jury at the end of each semester. A failed jury results in a failing grade for the course. Audition required.,,Minimum of one course from the MUS 351-355 series.,Y,8,A-F grading only.,Fall & Spring,Entirely On-ground.,Music: Applied Study (LD),"Develop technical skills through pedagogically appropriate repertoire, exercises, and drills. Improve knowledge and awareness of musical style and performance practice. Develop effective strategies for learning new repertoire, solving musical problems, and increasing facility in singing. Bring a prescribed group of works to a performance-level standard of completion.",2022-02-22,2021-22,2
MUS 262G,Group Applied Study: Voice,Music: Applied Study (LD),1,Group applied instruction in voice at the Lower Division performance level. Students will learn basic vocal techniques and perform repertoire for solo voice.,,,Y,4,A-F or CR/NC (student choice).,Fall & Spring,Entirely On-ground.,Music: Applied Study (LD),"Develop technical skills through pedagogically appropriate repertoire, exercises, and drills. Improve knowledge and awareness of musical style and performance practice. Develop effective strategies for learning new repertoire, solving musical problems, and increasing facility in singing. Bring a prescribed group of works to a performance-level standard of completion. Work with other musicians to refine musical performance in a collaborative environment.",2022-02-22,2021-22,1
MUS 263,Applied Study: Strings,Music: Applied Study (LD),1,"Individual instruction for music majors or minors at the Lower Division performance level. Students demonstrate progress before a faculty jury at the end of each semester, please refer to the Music Student Handbook for detailed information. Instruction offered in violin, viola, cello, bass, guitar, or harp.",,Minimum of one course from the MUS 351-355 series.,Y,8,A-F grading only.,Fall & Spring,Entirely On-ground.,Music: Applied Study (LD),"Develop technical skills through pedagogically appropriate repertoire, exercises, and drills. Improve knowledge and awareness of musical style and performance practice. Develop effective strategies for learning new repertoire, solving musical problems, and increasing facility on the violin. Bring a prescribed group of works to a performance-level standard of completion.",2022-02-22,2021-22,2
MUS 263G,Group Applied Study: Guitar,Music: Applied Study (LD),1,Group applied instruction in guitar at the Lower Division performance level. Students will learn basic guitar techniques and perform solo and group repertoire.,,,Y,4,A-F or CR/NC (student choice).,Fall & Spring,Entirely On-ground.,Music: Applied Study (LD),"Develop technical skills through pedagogically appropriate repertoire, exercises, and drills. Improve knowledge and awareness of musical style and performance practice. Develop effective strategies for learning new repertoire, solving musical problems, and increasing facility in playing the guitar. Bring a prescribed group of works to a performance-level standard of completion. Work with other musicians to refine musical performance in a collaborative environment.",2022-02-22,2021-22,1
MUS 264,Applied Study: Woodwinds,Music: Applied Study (LD),1,"Individual instruction for music majors or minors at the Lower Division performance level. Students demonstrate progress before a faculty jury at the end of each semester, please refer to the Music Student Handbook for detailed information. Instruction offered in flute, clarinet, oboe, bassoon, or saxophone.",,Minimum of one course from the MUS 351-355 series.,Y,8,A-F grading only.,Fall & Spring,Entirely On-ground.,Music: Applied Study (LD),"Develop technical skills through pedagogically appropriate repertoire, exercises, and drills. Improve knowledge and awareness of musical style and performance practice. Develop effective strategies for learning new repertoire, solving musical problems, and increasing facility on the flute. Bring a prescribed group of works to a performance-level standard of completion.",2022-02-22,2021-22,1
MUS 265,Applied Study: Brass,Music: Applied Study (LD),1,"Individual instruction for music majors or minors at the Lower Division performance level. Students demonstrate progress before a faculty jury at the end of each semester, please refer to the Music Student Handbook for detailed information. Instruction offered in french horn, trumpet, trombone, euphonium, or tuba.",,Minimum of one course from the MUS 351-355 series.,Y,8,A-F grading only.,Fall & Spring,Entirely On-ground.,Music: Applied Study (LD),"Develop technical skills through pedagogically appropriate repertoire, exercises, and drills. Improve knowledge and awareness of musical style and performance practice. Develop effective strategies for learning new repertoire, solving musical problems, and increasing facility on your instrument. Bring a prescribed group of works to a performance-level standard of completion.",2022-02-22,2021-22,1
MUS 266,Applied Study: Percussion,Music: Applied Study (LD),1,"Individual instruction for music majors or minors at the Lower Division performance level. Students demonstrate progress before a faculty jury at the end of each semester, please refer to the Music Student Handbook for detailed information.",Audition required.,Minimum of one course from the MUS 351-355 series.,Y,8,A-F grading only.,Fall & Spring,Entirely On-ground.,Music: Applied Study (LD),"Develop technical skills through pedagogically appropriate repertoire, exercises, and drills. Improve knowledge and awareness of musical style and performance practice. Develop effective strategies for learning new repertoire, solving musical problems, and increasing facility on your instrument. Bring a prescribed group of works to a performance-level standard of completion",2022-02-22,2021-22,2
MUS 280,Composers Workshop,Music: Composition,1,"Weekly workshop that concentrates on a wide range of topics related to music creation. The topics, which include the performance of student works, will be guided both by contemporary concerns and by the interests of the group.",MUS 111,,Y,2,A-F or CR/NC (student choice).,Fall & Spring,Entirely On-ground.,Music: Composition,"develop a better understanding of what it is to compose music, and its many possible processes. recognize the pivotal musical issues that have preoccupied art music composers since the common-practice period and how these issues are translated into new music being created today.compose music in several distinct styles, demonstrating creativity in using elements of music (pitch, rhythm, harmony, dynamics, timbre, texture, form) for expressive effect",2023-02-14,2023-24,5
MUS 281,Vocal Coaching,Music: Performance,1,Individual vocal coaching in collaborative music making for music majors or minors. Coaching times arranged according to degree recital expectations as outlined in the music major handbook.,Instructor permission.,"MUS 261A, MUS 261B, MUS 261C, MUS 262, MUS 263A, MUS 263B, MUS 263C, MUS 263D, MUS 263E, MUS 263F, MUS 264A, MUS 264B, MUS 264C, MUS 264D, MUS 264E, MUS 265A, MUS 265B, MUS 265C, MUS 265D, MUS 265E, MUS 266, MUS 267A, MUS 267B, MUS 267C, MUS 268, MUS 269A, MUS 269B, MUS 269C, MUS 269D, MUS 269E, MUS 269F.",Yes,Course may be repeated three times for credit for a maximum of 4 units. Students may enroll in a maximum of 3 units in a single semester.,A-F only,,Entirely On-ground,Music: Applied,"Quickly identify rhythms and pitches and maintain pitch accuracy for application in performance or composition; Bring an enriched tone production with improved technical skills to the performance of their primary instrument; Demonstrate the ability to work collaboratively and respectfully with other musicians in a performance context; and Integrate musical ideas, methods, theory, and practice, and communicate them to others clearly and persuasively, in classroom and performance settings.",2016-05-09,semester conversion 2016,1
MUS 282,Instrumental Coaching,Music: Performance,1,Individual vocal coaching in collaborative music making for music majors or minors. Coaching times arranged according to degree recital expectations as outlined in the music major handbook.,Instructor permission.,"MUS 261A, MUS 261B, MUS 261C, MUS 262, MUS 263A, MUS 263B, MUS 263C, MUS 263D, MUS 263E, MUS 263F, MUS 264A, MUS 264B, MUS 264C, MUS 264D, MUS 264E, MUS 265A, MUS 265B, MUS 265C, MUS 265D, MUS 265E, MUS 266, MUS 267A, MUS 267B, MUS 267C, MUS 268, MUS 269A, MUS 269B, MUS 269C, MUS 269D, MUS 269E, MUS 269F.",Yes,Course may be repeated three times for credit for a maximum of 4 units. Students may enroll in a maximum of 3 units in a single semester.,A-F only,,Entirely On-ground,Music,"Quickly identify rhythms and pitches and maintain pitch accuracy for application in performance or composition; Bring an enriched tone production with improved technical skills to the performance of their primary instrument; Demonstrate the ability to work collaboratively and respectfully with other musicians in a performance context; and Integrate musical ideas, methods, theory, and practice, and communicate them to others clearly and persuasively, in classroom and performance settings.",2016-05-09,semester conversion 2016,1
MUS 302,What to Listen for in Music,Music: Courses for Non-Music Majors,3,"Overview of America's popular music, with roots in the music of immigrant populations. Includes study of history and traditions of cultural groups, and the role of music and artists as advocates for social awareness and progress.","Completion of GE Areas A1, A2, A3 and B4 with grade C- (CR) or better.",,,,A-F grading only.,,"Entirely On-ground, Entirely On-line",,"1. Express informed opinions and judgements about a variety of styles of popular music; 2. Communicate critical thoughts, opinions, and judgements about the creative work of different artists and bands from the 1950s forward; 3. Make connections between cultural influences, social/political movements, and relevant events and popular music of the same time period; 4. Quickly recall factual knowledge about different artists/bands and contributing factors to their artistry and artistic output from the 1940s forward; 5. Identify and discuss forms and influences of diverse cultures in American popular music; 6. Research and present a genre and a single artist/group that are of personal significance to the student.",2022-09-26,2023-24,4
MUS 303,Entrepreneurship in the Arts,Music: Business and Entrepreneurship,3,"Learn about arts careers and organizations by investigating artists, entrepreneurs, and administrators. Build skills in networking and personal branding and examine case studies of a variety of artistic ventures.","Completion of GE Areas A1, A2, A3 and B4 with grade C- (CR) or better.",,,,A-F grading only.,Spring ONLY,"Entirely On-ground, or Hybrid.",Music,"Explain how issues of power and social identity has affected the career options for different cultural and economic groups in various arts disciplines in recent history; Describe various logistical and business aspects of arts industries and explain how important individuals and organizations in the arts have achieved success in spite of (or because of) issues of power and social identity; Identify your own possible career paths in the arts and demonstrate the ability to use the primary tools needed to market yourself, such as résumés and cover letters, professional websites, and social media and online media accounts; Through research, construct a personal marketing plan to achieve success on at least one possible career path.",2023-09-14,2024-25,2
MUS 304,World Music & Culture,Music: Courses for Non-Music Majors,3,"Investigating various world music traditions, including those in Africa, South America, and Asia, with an emphasis on connections with culture and history. Previous musical experience welcome but not necessary.","Completion of GE Areas A1, A2, A3 and B4 with grade C- (CR) or better.",,Yes,May be repeated once for a total of 3 units.,A-F or CR/NC (student choice).,,Entirely On-ground,Music,"1. apply a range of general and specialized terms relating to the study of music and culture; 2. demonstrate an in-depth familiarity with several major world music traditions, including the abilities to identify (aurally) and speak or write about specific examples of each; 3. use the methods of music-cultural analysis to draw clear and reasoned connections between musical expressions and the value systems and thought-processes of the cultures that create and sustain them; and 4. describe how, throughout the world, music is used by informed, engaged, and reflective citizens to both promote and challenge issues of cultural identity, political power, and social justice and equality.",2022-09-22,2023-24,4
MUS 305,Global Hip-Hop,Music: Musicology and Ethnomusicology,,"Rooted in the U.S., hip hop is now a global phenomenon. We explore examples of hip hop music and culture in various points around the world, examining how artists are adapting the art form to respond to their local conditions.","Completion of GE Areas A1, A2, A3, and B4 with grade C- (CR) or better.",,,,A-F or CR/NC (student choice).,,,,"Apply a range of general and specialized terms relating to the study of music; Demonstrate an in-depth familiarity with several varieties of hip hop and explain ways in which they relate to the historical, social, political, and economic contexts in which they were created, consumed, and valued; Explain the relationship between music and culture and of the role music plays in human experience; Complete a final project that investigates a form of hip hop of their choice and communicate their discoveries through a variety of methods.",2022-09-23,2023-24,2
MUS 312,Form and Analysis,Music: Theory and Musicianship,3,The exploration and analysis of music styles and structural forms of the European art music of the 18th and 19th C. Topics include phrase and sentence structures; thematic organization; binary and ternary forms; variation and rondo forms; slow movement forms; and sonata forms.,"MUS 211, or Sucessful Theory & Musicianship Placement Exam",,N,,A-F or CR/NC (student choice).,Fall Alternate Years,Entirely On-ground.,Music: Theory and Musicianship,"Demonstrate understanding of the forms used in tonal music.Analyze and evaluate works of music in various forms in their technical, aesthetic, and historical contexts.Apply the knowledge learned in earlier theory courses to extended musical works.Implement the principles and concepts studied in class via performance on your major instrument or voice",2023-02-13,2023-24,3
MUS 317,Improvisation Techniques,Music: Jazz Studies,1,"A course focusing on developing soloing techniques idiomatic to the bebop and post-bop traditions. Includes jazz theory, analysis and performance of key transcriptions of bebop and post-bop masters as well as in-class application of the fundamental devices employed in modern jazz improvisation.","MUS 112, MUS 116.",,Y,6,A-F or CR/NC (student choice).,Fall & Spring,Entirely On-ground.,Music: Jazz Studies,"introduce instrumentalists and vocalists to the fundamentals of jazz improvisation. The study and application of jazz theory. play various scales and modes, arpeggios, patterns for memorization, and basic chords on the piano. the study of melodies in a variety of settings as well as memorized transcriptions from important recordings in jazz. Complete various exercises emphasizing the swing feel in jazz. Develop an audible comprehension of jazz harmony through ear-training exercises.",2023-09-15,2024-25,3
MUS 321,Western Music History I,Music: Musicology and Ethnomusicology,3,"Investigating the stylistic development of music of western civilization; focus on the social, cultural, and historical contexts of the music of each style period. (I.) Music from the Medieval to Baroque periods.",MUS 212.,,N,,A-F or CR/NC (student choice).,Fall Alternate Years,Hybrid.,Music: Musicology and Ethnomusicology,"Develop a vocabulary of general and specialized musical terms of these periods; Become familiar with the musical traditions that dominated western Europe in the Medieval, Renaissance and Baroque periods; Identify musicians who played key roles in shaping these musical traditions; Learn to see connections between musical practices and the societies that create and sustain them; Learn to analyze (or ""deconstruct"") musical scores for different types of information; and Employ critical thinking in the process of undertaking short research assignments",2023-02-13,2023-24,4
MUS 322,Western Music History II,Music: Musicology and Ethnomusicology,3,"Investigating the stylistic development of music of western civilization; focus on the social, cultural, and historical contexts of the music of each style period. (II.) Music from the Classical to contemporary periods.",MUS 321.,,N,,A-F or CR/NC (student choice).,Spring Alternate Years,Hybrid.,Music: Musicology and Ethnomusicology,"Develop a vocabulary of general and specialized musical terms of these periods; Become familiar with the musical traditions that dominated western Europe in the Baroque period to the present; Identify musicians who played key roles in shaping these musical traditions; Learn to see connections between musical practices and the societies that create and sustain them; Learn to analyze (or ""deconstruct"") musical scores for different types of information; and Employ critical thinking in the process of undertaking short research assignments.",2023-02-13,2023-24,4
MUS 323,Topics in Western Music History,Music: Musicology and Ethnomusicology,3,"Special topics in Western music history, with changing content that highlights fresh, niche, or experimental areas of study. Each version offers new perspectives and may be repeated for credit when themes differ.",MUS 322.,,Y,6,A-F or CR/NC (student choice).,Fall & Spring,"On-ground, or Hybrid, or Online-Asynchronous.",Music: Musicology and Ethnomusicology,"Because the content of Topics in Western Music History changes with each offering, specific goals will vary depending on the topic. However, all versions of this course share core objectives: By the end of the semester students will: Develop an understanding of the historical, cultural, and stylistic contexts of Western music relevant to the chosen theme; Strengthen skills of listening, analysis, and critical interpretation; Engage with primary and secondary sources to form informed perspectives; Communicate ideas effectively in written, oral, or creative formats; and Reflect on how the study of a specialized topic expands or challenges conventional narratives of Western music history.",2025-09-13,2026-27,2
MUS 324,History of American Music,Music: Musicology and Ethnomusicology,,,,,,,,,,,"By the end of this course, students will be able to: 1) Identify and speak about a range of American musical styles, from the 17th to the 21st centuries; 2) Correctly employ a range of general and specialized terms relating to music; 3) Describe the relationship between music and culture and the role music has played in the history of the United States; 4) Research a topic of your choice in American music and communicate your discoveries through writing and oral presentation.",2020-10-06,2020-21,1
MUS 326,Topics in Global Music,Music: Musicology and Ethnomusicology,3,"A rotating-topics course introducing students to the diversity of global musical traditions. Emphasis is placed on listening, analysis, and discussion of music in cultural context. Topics vary by semester and may include Africa, the Americas, Asia, or the diaspora.",,,,9,A-F grading only.,Fall & Spring,"On-ground, or Hybrid, or Online-Asynchronous, or Online-Synchronous.",Music: Musicology and Ethnomusicology,"Because the content of Topics in Global Music changes with each offering, specific goals will vary depending on the topic. However, all versions of this course share core objectives: By the end of the semester, students will: Develop an understanding of the cultural, historical, and stylistic contexts of global musical traditions relevant to the chosen topic. Strengthen skills of listening, analysis, and critical interpretation across diverse musical practices. Engage with primary and secondary sources—including recordings, scholarship, and where possible live or virtual performances—to form informed perspectives. Communicate ideas effectively in written, oral, or creative formats appropriate to the study of music in global contexts. Reflect on how the study of a specialized topic broadens, complicates, or challenges conventional narratives of music history and culture worldwide.",2025-09-15,2026-27,1
MUS 331,Foundations of Music Education,Music: Music Education,3,"Overview of music education for prospective music educators, with a focus on K-12 music education. Topics include philosophy of music education, K-12 music pedagogy, and the history, economics and policy of music education. Field trips may be required.",,,No,,A-F only,,Entirely On-ground,Music: Education,"Reflect, analyze, and discuss the student’s own music education experiences Demonstrate knowledge of the primary forms of both traditional and non-traditional music education in the contemporary United States Observe and reflect on music education in a variety of K-12 school settings Demonstrate understanding of major theories and approaches to music teaching and learning, including knowledge of major events in the history of American music education Demonstrate knowledge of the California State and National Standards in music education Demonstrate knowledge of the roles and issues of cultural diversity and special learners in today’s schools",2016-02-18,semester conversion 2016,1
MUS 335,Technology for Music Educators,Music: Music Education,3,"Instruction in uses of audio software, and software for desktop, interactive, and music publishing to aid in the development of music education curricula, programs, and lessons.",,,No,,A-F or CR/NC (student choice),,Entirely On-ground,Music: Education,"Mastery of live sound knowledge as it applies to k-12 environments, including microphones, PA setup & usage, and logistically planning for amplifying ensembles. Ability to edit and master digital audio using a DAW. Advocate for music technology needs in the classroom through the drafting of grant proposals. Utilize music notation software with rehearsal software in order to create lessons and lesson plans otherwise not possible. Create learning modules in teams using video and audio editing software.",2016-04-27,semester conversion 2016,1
MUS 341,Basic Conducting,Music: Music Education,2,"Basic techniques of conducting including simple, compound and asymmetrical meters, expression and interpretation through observation and laboratory experience.",Upper division standing.,,No,,A-F or CR/NC (student choice),,Entirely On-ground,Music: Education,"Develop the skills needed by conductors with an emphasis on physical gesture, score study, and expression. Develop inner hearing and interpretation skills Have knowledge of noteworthy conducting scholarship and materials Demonstrate understanding via in-class conducting presentations",2016-04-26,semester conversion 2016,1
MUS 351A,Choir: Voices of Hope,Music: Major Performing Ensembles,1,Major performance ensemble in the tradition of a college choir. No audition required.,,,Yes,8,A-F or CR/NC (student choice).,Fall & Spring,On-ground.,Music: Major Performing Ensembles,"Sing, alone and with others, a varied repertoire of music (Repertoire and Performance). Read and notate music (Musicianship and Composition). Analyze and describe music (Critical Analysis). Evaluate music and music performances (Critical Analysis). Understand relationships between music, the other arts, and disciplines outside the arts (Culture). Understand music in relation to history and culture (Culture).",2025-09-14,2026-27,2
MUS 351B,Choir: East Bay Singers,Music: Major Performing Ensembles,1,Major performance ensemble in the tradition of a collegiate choir. Audition required.,,,Y,8,A-F or CR/NC (student choice).,Fall & Spring,On-ground.,Music: Major Performing Ensembles,"Sing, alone and with others, a varied repertoire of music (Repertoire and Performance). Read and notate music (Musicianship and Composition). Analyze and describe music (Critical Analysis). Evaluate music and music performances (Critical Analysis). Understand relationships between music, the other arts, and disciplines outside the arts (Culture). Understand music in relation to history and culture (Culture).",2024-09-16,2025-26,3
MUS 353,Band: Wind Ensemble,Music: Major Performing Ensembles,1,Major performance ensemble in the tradition of band and wind ensemble. Music activities are open to qualified students by audition. Music majors are required to enroll in one major performance group each semester of study. Field trips may be required.,Department consent.,,Y,8,A-F grading only.,Fall & Spring,On-ground.,Music: Major Performing Ensembles,"Develop and improve playing skills on my instrument Develop and improve rehearsal skills for large ensembles and with small groups of musicians Gain a better understanding of music, culture and art as they relate to different contexts Develop knowledge of core wind repertoire and composers in the wind medium Enrich my critical thinking and analysis skills Present professional-level performances that are musically and emotionally satisfying",2024-09-16,2025-26,3
MUS 355,East Bay Jazz Orchestra,Music: Major Performing Ensembles,1,Major performance ensemble in the tradition of jazz big band. Field trip(s) may be required. Audition required.,Department consent.,,Yes,8,A-F grading only.,,Entirely On-ground.,Music: Performance Activities,"Develop skills necessary to perform in large jazz ensembles and big bands. Focus on ensemble and sectional blend, intonation, rhythmic cohesiveness and stylistic authenticity. Perform major venues and concerts. Learn Protocols for student ensemble performances as well as program building in music education settings.",2022-09-27,2023-24,2
MUS 360,Rock Band,Music: Chamber Ensembles,1,"Chamber performing ensemble that includes the study and performance of music for Rock Band Ensemble. Students delve into historical periods, examine songwriters, and perform as an ensemble to develop skills that will enable them to become better ensemble musicians.",,,,8,A-F or CR/NC (student choice).,Fall & Spring,Entirely On-ground.,Music: Chamber Ensembles,"Recognize the historical and cultural influences that contributed to rock music, including the contributions of the African-American culture. Recognize different genres of rock music grouped by decade and identify key characteristics. Compose short examples of different rock music genres. Practice and perform rock music in the style of different rock music genres. Demonstrate an understanding of the technical aspects of rock music performance as they relate to sound amplification and microphone techniques.",2023-02-14,2023-24,1
MUS 360A,Mariachi Ensemble,Music: Chamber Ensembles,1,"Chamber ensemble focusing on traditional and contemporary mariachi. Students study history, cultural context, composers, and song forms while rehearsing and performing as an ensemble. Emphasis is placed on developing stylistic, technical, and collaborative skills essential for growth as ensemble musicians.",,,,8,A-F or CR/NC (student choice).,Fall & Spring,On-ground.,Music: Chamber Ensembles,"Develop technical and stylistic proficiency on a mariachi instrument or voice. Perform in an ensemble with accurate intonation, rhythm, and phrasing. Demonstrate knowledge of standard mariachi repertoire and song forms (son, huapango, ranchera, bolero, jarabe). Understand cultural and historical significance of mariachi as an art form. Build collaborative and professional ensemble skills.",2025-09-14,2026-27,1
MUS 361,Chamber Ensemble,Music: Chamber Ensembles,1,Ensemble focused on performing repertoire for small combinations of instruments. Chamber ensembles are open to all qualified students (determined by audition). Field trips may be required.,,,Y,6,A-F grading only.,Fall & Spring,Entirely On-ground.,Music: Chamber Ensembles,"Perform music for small ensembles. Become familiar, through performance, with excellent compositions for chamber ensemble combinations. Perform independently and with excellent musicianship within a larger group of musicians. Perform music by a variety of diverse composers.",2023-02-14,2023-24,2
MUS 363,Percussion Ensemble,Music: Chamber Ensembles,1,Ensemble focused on performing repertoire for small combinations of percussion instruments. Field trips may be required. Audition required.,,,Yes,Course may be repeated for credit for a maximum of 4 units.,A-F only,,Entirely On-ground,Music: Performance Activities,"Perform music for small ensembles composed primarily of percussion instruments. Become familiar, through performance, with excellent compositions for chamber ensemble combinations Perform independently and with excellent musicianship within a larger group of musicians Perform music by a variety of diverse composers",2016-05-12,semester conversion 2016,1
MUS 365,Chamber Orchestra,Music: Chamber Ensembles,1,"Chamber orchestra is open to music majors and non-majors and welcomes violins, violas, cellos, and basses to learn and play different styles of music, including classical, movie, video game, pop and rock. Minimum playing proficiency of high school level required.",,,Y,8,A-F grading only.,Fall & Spring,Entirely On-ground.,Music: Chamber Ensembles,"Perform music written for chamber ensembles of orchestral instruments. Become familiar, through performance, with excellent compositions for chamber orchestra combinations. Perform independently and with excellent musicianship within a larger group of musicians. Perform a wide selection of music by a variety of diverse composers.",2023-09-15,2024-25,3
MUS 366,Electronic Music Ensemble,Music: Chamber Ensembles,1,"The Electronic Music Ensemble (EME) is comprised of diverse undergraduate and graduate students who expand the boundaries of traditional composition and performance through explorations with analog and digital technologies, including everyday objects, music instruments, live electronics, fixed media, and performance-installation.",,,Yes,8,A-F or CR/NC (student choice).,Fall & Spring,Entirely On-ground.,Music: Chamber Ensembles,Show basic understanding of audio software Produce original music for a computer music ensemble Develop expressive computer music performance in an ensemble setting Synthesize all objectives into concert performances,2023-09-15,2024-25,2
MUS 367,Piano Ensemble,Music: Chamber Ensembles,1,Repertoire for small and large combinations of keyboard instruments with special attention paid towards works for piano four-hands and two pianos. Audition required.,,,Yes,Course may be repeated for credit for a maximum of 4 units.,A-F or CR/NC (student choice),,Entirely On-ground,Music: Performance Activities,"Listen critically to one’s own playing and the ensemble as a whole Develop ensemble cohesion and balance Develop awareness to musical style and performance practice Improve music-learning process and rehearsal techniques Improve tone production, technical facility, and physical awareness Develop professional demeanor and communication skills",2016-05-12,semester conversion 2016,1
MUS 368,Jazz Combo,Music: Chamber Ensembles,1,Jazz ensemble focusing on the composition and performance of student works for jazz ensemble. Field trips may be required. Audition required.,,,Y,8,A-F grading only.,Fall & Spring,Entirely On-ground.,Music: Chamber Ensembles,"Students will be able to perform alone and with others, a varied repertoire of jazz and world music. Students will be able to read and notate music. Students will be able to listen to, analyze, and describe music. Students will be able to evaluate music and music performances. Students will be able to understand relationships between music, the other arts, and disciplines outside the arts. Students will be able to understand music in relation to history and culture.",2023-02-14,2023-24,1
MUS 369A,Vocal Repertory Ensemble,Music: Chamber Ensembles,1,Chamber ensemble focusing on repertoire for solo voice and small and large combinations of voices with special attention paid to Art Song and peer review and collaborative assessment of performance practice. Field trip(s) may be required. Audition required.,,,Yes,Course may be repeated for credit for a maximum of 4 units.,A-F or CR/NC (student choice),,Entirely On-ground,Music: Performance Activities,"Sing, alone and with others, a varied repertoire of music. Read and notate music. Listen to, analyze, and describe. Evaluate music and music performances. Understand relationships between music, the other arts, and disciplines outside the arts. Understand music in relation to history and culture. Perform vocal music in a recital and a stage setting.",2016-05-19,semester conversion 2016,1
MUS 369B,Chamber Singers,Music: Chamber Ensembles,1,"Small vocal ensemble focusing on repertoire for chamber choir, mixed voices. Field trip(s) may be required. Audition required.",,,Yes,Course may be repeated for credit for a maximum of 4 units.,A-F or CR/NC (student choice),,Entirely On-ground,Music: Performance Activities,"Sing, alone and with others, a varied repertoire of music. Read and notate music. Listen to, analyze, and describe music written for small vocal ensemble. Evaluate music and music performances. Understand relationships between music, the other arts, and disciplines outside the arts. Understand music in relation to history and culture.",2016-05-19,semester conversion 2016,1
MUS 369C,Jazz Singers,Music: Chamber Ensembles,1,"Small vocal ensemble focusing on repertoire for chamber choir, mixed voices, that is drawn from jazz, pop, and world traditions. Auditions required.",,,Y,4,A-F or CR/NC (student choice).,Variable Intermittently,Entirely On-ground.,Music: Chamber Ensembles,"Sing, alone and with others, a varied repertoire of music from the jazz and popular traditions. Improvise in the jazz tradition. Read and notate music. Listen to, analyze, and describe music in the jazz tradition. Evaluate music and music performances. Understand relationships between music, the other arts, and disciplines outside the arts. Understand music in relation to history and culture.",2023-02-15,2023-24,2
MUS 369D,A Cappella Ensemble,Music: Chamber Ensembles,1,Small vocal ensemble focusing on repertoire for a cappella ensemble. Field trip(s) may be required. Audition required.,,,,8,A-F or CR/NC (student choice).,Fall & Spring,Entirely On-ground.,Music: Chamber Ensembles,"Students will be able to sing, alone and with others, a varied repertoire of music (Repertoire and Performance). Students will be able to read and notate music (Musicianship and Composition). Students will be able to analyze and describe music (Critical Analysis). Students will be able to evaluate music and music performances (Critical Analysis). Students will be able to understand relationships between music, the other arts, and disciplines outside the arts (Culture). Students will be able to understand music in relation to history and culture (Culture).",2023-02-14,2023-24,1
MUS 380,Recital Class,Music: Performance,1,"This class is designed to guide students through every aspect of the preparation for their degree recitals. Topics include creating the program, strategizing personal practice, addressing the logistics of performing a recital, musician wellness and the mental aspects of performance.","One of the following: MUS 261A, MUS 261B, MUS 261C, MUS 262, MUS 263A, MUS 263B, MUS 263C, MUS 263D, MUS 263E, MUS 263F, MUS 264A, MUS 264B, MUS 264C, MUS 264D, MUS 264E, MUS 265A, MUS 265B, MUS 265C, MUS 265D, MUS 265E, MUS 266, MUS 267A, MUS 267B, MUS 267C, MUS 268, MUS 269A, MUS 269B, MUS 269C, MUS 269D, MUS 269E, MUS 269F.","One of the following: MUS 361, MUS 362, MUS 363, MUS 364, MUS 365, MUS 366, MUS 367, MUS 368A, MUS 368B, MUS 368C, MUS 368D, MUS 368E, MUS 368F, MUS 369A, MUS 369B, MUS 369C, MUS 370A, MUS 370B, MUS 370C, MUS 370D.",N,,A-F grading only.,Fall ONLY,Entirely On-ground.,Music: Performance,"In this course, students will: Develop a well-balanced and inclusive program with the appropriate format; Develop long- and short-term practice strategies; Explore musician wellness, mindfulness, and techniques to deal with performance anxiety; Practice stage etiquette, audience interaction, and critique performances of peers;",2022-02-01,2021-22,2
MUS 381,Essentials of Music Technology,Music: Composition,,,,,,,,,,,"- Discuss and evaluate the place of music technology in the music industry - Identify and discuss the fundamental concepts of acoustics and digital audio - Identify and explain the basic elements of MIDI - Use basic recording and sound reinforcement equipment for musical projects - Use music software for digital audio, synthesis, sequencing, and music notation",2020-10-14,2020-21,1
MUS 410,20th and 21st C Styles and Techniques,Music: Theory and Musicianship,3,Intensive course that introduces students to the inner workings of European and American art music of the 20th and 21st centuries.,,,N,,A-F or CR/NC (student choice).,Spring Alternate Years,Entirely On-ground.,Music: Theory and Musicianship,"Demonstrate understanding of the different genres and styles within 20th and 21st art music.Analyze and evaluate works of music in various forms in their technical, aesthetic, and historical contexts.Apply the knowledge learned in earlier theory courses to extended musical works.Implement the principles and concepts studied in class via performance on your area of emphasis.",2023-02-14,2023-24,2
MUS 412,Contrapuntal Techniques,Music: Composition,3,Contrapuntal procedures from the High Renaissance and its impact on modern use of modal melodic writing in contemporary non-classical music styles.,MUS 211.,,N,,A-F or CR/NC (student choice).,Spring Alternate Years,Entirely On-ground.,Music: Composition,Develop skills in the composition and analysis of 16th & early 17th century modal polyphonic music Mastery and understanding of the principles of modal counterpoint Develop historical and technical insight into modal melodic writing Demonstrate skill in combining musical lines,2023-02-14,2023-24,3
MUS 414,Contemporary Orchestration and Arranging,Music: Composition,3,"Course devoted to fundamentals of instrumentation and arranging for contemporary band and orchestral instruments. The study of basic elements (range, transposition, timbre) of each instrument will be followed by examination and analysis of orchestration 'problems' and solutions from repertoire.","MUS 212, MUS 413.",,N,,A-F or CR/NC (student choice).,Fall Alternate Years,Entirely On-ground.,Music: Composition,gain all necessary skills to arrange or compose for any ensemble develop intimate knowledge of the characteristics of every orchestral instrument recognize and recreate standard scoring patterns develop a concept of arranging as composition strengthen the inner ear and auditory ideation,2023-02-14,2023-24,3
MUS 415,MIDI Orchestration,Music: Composition,3,"This course is devoted to students interested in writing orchestration projects for visual media, or contemporary arrangements to support other musical styles. It will cover basic techniques of creating a full orchestral sound through sequencing and sampling libraries.",MUS 381,,N,,A-F or CR/NC (student choice).,Variable Intermittently,Entirely On-ground.,Music: Composition,"Understand the basic aesthetics of synthestration familiarize oneself with project studio requirements and considerations, such as computer choices, sequencing software and sample libraries be able to utilize ""electronic"" orchestration techniques, and common MIDI mixing and signaling techniques produce ""musical"" facsimiles of acoustic instrument performances",2023-02-14,2023-24,3
MUS 431,Elementary Music Teaching Methods,Music: Music Education,3,"Designed for prospective school music educators. Development of methods, techniques, and knowledge appropriate for teaching elementary general music classes. Study and exploration of elementary music instructional materials and topics. Field trips may be required.",Upper division standing.,,Yes,Course may be repeated for credit for a maximum of 6 units.,A-F or CR/NC (student choice),,Entirely On-ground,Music: Education,"To study and implement a variety of diverse approaches to teaching music to elementary level students. To become familiar with the methodologies of Orff, Kodály, Dalcroze, and Gordon (Music Learning Theory) To write lesson plans in a variety of formats, including the use of state and national standards for elementary general music To plan, participate in, and reflect on several peer teaching episodes To observe elementary general music teachers (Field Trips May Be Required) To become familiar with a wide variety of resources for teaching elementary music",2016-04-27,semester conversion 2016,1
MUS 432,Instrumental Music Teaching Methods,Music: Music Education,3,"Provides opportunity for students intending to become music teachers to develop rehearsal techniques, organizational procedures related to public school band and orchestra programs; become familiar with public school teaching materials; further develop conducting techniques; and improve secondary instruments skills.",MUS 341.,,No,,A-F or CR/NC (student choice),,Entirely On-ground,Music: Education,"To understand a variety of theories regarding the teaching of instrumental music To familiarize the student with the National and State standards for instrumental music education and to apply them to instruction To become familiar with and evaluate resources To further develop score study, transposition, and conducting skills To develop rehearsal planning and classroom management skills To perform on a secondary instrument in an ensemble To develop a library of resources for future use as an instrumental music educator To observe excellent elementary and secondary school instrumental music teachers. Field Trips May Be Required",2016-04-27,semester conversion 2016,1
MUS 433,Choral Music Teaching Methods,Music: Music Education,3,Development of rehearsal techniques and organizational procedures related to choirs and vocal ensembles in the elementary and secondary schools. Teaching materials and appropriate literature from various stylistic periods. Field trips may be required.,"MUS 341, MUS 441.",,No,,A-F or CR/NC (student choice),,Entirely On-ground,Music: Education,"Develop musical, curricular, and organizational skills necessary to lead a choral program at the elementary and secondary level Refine choral conducting skills, building on the fundamental topics of conducting including inner hearing, breathing, scholarship and expressive interpretation Develop knowledge of instructional materials and score-reading ability Demonstrate the ability to conduct and teach choral music during in-class experiences Develop familiarity with choral music education materials",2016-04-27,semester conversion 2016,1
MUS 441,Intermediate Conducting,Music: Music Education,2,"Special techniques of choral conducting including vocal and score reading and analysis, interpretation, and rehearsal through observation and laboratory experience.","Upper division standing, MUS 341.",,Yes,Course may be repeated for credit for a maximum of 4 units.,A-F or CR/NC (student choice),,Entirely On-ground,Music: Education,Demonstrate the ability to analyze and read vocal and instrumental scores Independently conduct student choral and instrumental groups Demonstrate mastery of standard conducting patterns and gestures Conduct music in an interpretive and expressive manner. Demonstrate knowledge of notable conductors and conducting scholarship,2016-04-27,semester conversion 2016,1
MUS 445,Piano Pedagogy,Music: Music Education,2,"A comparison and analysis of current pedagogical approaches to the teaching of piano with attention to specific problems of the literature and technique, including appropriate studies in anatomy, physiology, and acoustics; particular emphasis upon the teaching of the younger student.",,,Y,6,A-F or CR/NC (student choice).,Fall Alternate Years,Entirely On-ground.,Music: Music Education,"To establish an understanding of the layering of pedagogical concepts and skills in increasing levels of complexity To provide a structured and critical study of the most popular of the current beginning methods books and supplementary materials To study how learning takes place through an introductory survey of learning theories To make an in-depth study of the history and development of thought on piano technique, and its application to healthy practice techniques To cultivate awareness of effective teaching fundamentals of making music at the piano, including stylistic and expressive repertoire performance, and providing a solid technical foundation To prepare well-balanced and well-sequenced lesson plans and longer-term programs of study for students of various advancement levels",2023-09-14,2024-25,3
MUS 446,Vocal Pedagogy,Music: Music Education,,"Introduction to professional voice teaching. Examines methods, materials, resources, and techniques for teaching beginning voice students. Students will learn vocal anatomy, observe vocal instruction, and survey beginning and intermediate vocal repertoire.",,,,,A-F or CR/NC (student choice).,,,Music,,2019-02-17,2019-20,1
MUS 461,Applied Study: Piano,Music: Applied Study (UD),1 - 2,Individual instruction for music students at the Upper Division level. Students demonstrate progress before a faculty jury at the end of each semester. Audition required.,MUS 261A.,Minimum of one course from the MUS 351-355 series.,Y,8,A-F grading only.,Fall & Spring,Entirely On-ground.,Music: Applied Study (UD),"Develop technical skills through pedagogically appropriate repertoire, exercises, and drills. Improve knowledge and awareness of musical style and performance practice. Develop effective strategies for creating new repertoire, solving musical problems, and increasing facility your instrument. Bring a prescribed group of works to a performance-level standard of completion.",2023-09-15,2024-25,2
MUS 461A,Applied Study: Jazz Piano and Keyboard,Music: Applied Study (UD),1-2,Individual instruction for music students at the Upper Division level. Students demonstrate progress before a faculty jury at the end of each semester. Audition required.,MUS 261,Minimum of one course from the MUS 351-355 series.,Y,8,A-F grading only.,Fall & Spring,Entirely On-ground.,Music: Applied Study (UD),"Develop technical skills through pedagogically appropriate repertoire, exercises, and drills. Improve knowledge and awareness of musical style and performance practice. Develop effective strategies for creating new repertoire, solving musical problems, and increasing facility on your instrument. Bring a prescribed group of works to a performance-level standard of completion.",2023-09-15,2024-25,4
MUS 462,Applied Study: Voice,Music: Applied Study (UD),1-2,Individual instruction for music students at the Upper Division level. Students demonstrate progress before a faculty jury at the end of each semester. Audition required.,MUS 262.,Minimum of one course from the MUS 351-355 series.,Y,8,A-F grading only.,Fall & Spring,Entirely On-ground.,Music: Applied Study (UD),"Develop technical skills through pedagogically appropriate repertoire, exercises, and drills. Improve knowledge and awareness of musical style and performance practice. Develop effective strategies for creating new repertoire, solving musical problems, and increasing facility in voice. Bring a prescribed group of works to a performance-level standard of completion",2023-09-15,2024-25,3
MUS 463,Applied Study: Strings,Music: Applied Study (UD),1-2,Individual instruction for music students at the Upper Division level. Students demonstrate progress before a faculty jury at the end of each semester. Audition required.,MUS 263,Minimum of one course from the MUS 351-355 series.,Y,8,A-F grading only.,Fall & Spring,Entirely On-ground.,Music: Applied Study (UD),"Develop technical skills through pedagogically appropriate repertoire, exercises, and drills. Improve knowledge and awareness of musical style and performance practice. Develop effective strategies for creating new repertoire, solving musical problems, and increasing facility in your instrument. Bring a prescribed group of works to a performance-level standard of completion.",2023-09-15,2024-25,2
MUS 463A,Applied Study: Jazz Strings,Music: Applied Study (UD),1-2,Individual instruction for music students at the Upper Division level. Students demonstrate progress before a faculty jury at the end of each semester. Audition required.,MUS 263,Minimum of one course from the MUS 351-355 series.,Y,8,A-F grading only.,Fall & Spring,Entirely On-ground.,Music: Applied Study (UD),"Develop technical skills through pedagogically appropriate repertoire, exercises, and drills. Improve knowledge and awareness of musical style and performance practice. Develop effective strategies for creating new repertoire, solving musical problems, and increasing facility in performance in your instrument. Bring a prescribed group of works to a performance-level standard of completion.",2023-09-15,2024-25,3
MUS 464,Applied Study: Woodwinds,Music: Applied Study (UD),1-2,Individual instruction for music students at the Upper Division level. Students demonstrate progress before a faculty jury at the end of each semester. Audition required.,MUS 264,Minimum of one course from the MUS 351-355 series.,Y,8,A-F grading only.,Fall & Spring,Entirely On-ground.,Music: Applied Study (UD),"Develop technical skills through pedagogically appropriate repertoire, exercises, and drills. Improve knowledge and awareness of musical style and performance practice Develop effective strategies for creating new repertoire, solving musical problems, and increasing facility on your instrument. Bring a prescribed group of works to a performance-level standard of completion.",2023-09-15,2024-25,2
MUS 464A,Applied Study: Jazz Woodwinds,Music: Applied Study (UD),1-2,Individual instruction for music students at the Upper Division level. Students demonstrate progress before a faculty jury at the end of each semester. Audition required.,MUS 264,Minimum of one course from the MUS 351-355 series.,Y,8,A-F grading only.,Fall & Spring,Entirely On-ground.,Music: Applied Study (UD),"Develop technical skills through pedagogically appropriate repertoire, exercises, and drills. Improve knowledge and awareness of musical style and performance practice. Develop effective strategies for creating new repertoire, solving musical problems, and increasing facility in your instrument. Bring a prescribed group of works to a performance-level standard of completion.",2023-09-15,2024-25,3
MUS 465,Applied Study: Brass,Music: Applied Study (UD),1-2,Individual instruction for music students at the Upper Division level. Students demonstrate progress before a faculty jury at the end of each semester. Audition required.,MUS 265.,Minimum of one course from the MUS 351-355 series.,Y,8,A-F grading only.,Fall & Spring,Entirely On-ground.,Music: Applied Study (UD),"Develop technical skills through pedagogically appropriate repertoire, exercises, and drills. Improve knowledge and awareness of musical style and performance practice. Develop effective strategies for creating new repertoire, solving musical problems, and increasing facility in your instrument. Bring a prescribed group of works to a performance-level standard of completion.",2023-09-15,2024-25,2
MUS 465A,Applied Study: Jazz Brass,Music: Applied Study (UD),1-2,Individual instruction for music students at the Upper Division level. Students demonstrate progress before a faculty jury at the end of each semester. Audition required.,MUS 265.,Minimum of one course from the MUS 351-355 series.,Y,8,A-F grading only.,Fall & Spring,Entirely On-ground.,Music: Applied Study (UD),"Develop technical skills through pedagogically appropriate repertoire, exercises, and drills. Improve knowledge and awareness of musical style and performance practice. Develop effective strategies for creating new repertoire, solving musical problems, and increasing facility in your instrument. Bring a prescribed group of works to a performance-level standard of completion",2023-09-15,2024-25,3
MUS 466,Applied Study: Percussion,Music: Applied Study (UD),1-2,Individual instruction for music students at the Upper Division level. Students demonstrate progress before a faculty jury at the end of each semester. Audition required.,MUS 266.,Minimum of one course from the MUS 351-355 series.,Y,8,A-F grading only.,Fall & Spring,Entirely On-ground.,Music: Applied Study (UD),"Develop technical skills through pedagogically appropriate repertoire, exercises, and drills. Improve knowledge and awareness of musical style and performance practice. Develop effective strategies for creating new repertoire, solving musical problems, and increasing facility in your instrument. Bring a prescribed group of works to a performance-level standard of completion.",2023-09-15,2024-25,3
MUS 466A,Applied Study: Jazz Percussion,Music: Applied Study (UD),1-2,Individual instruction for music students at the Upper Division level. Students demonstrate progress before a faculty jury at the end of each semester. Audition required.,MUS 266.,Minimum of one course from the MUS 351-355 series.,Y,8,A-F grading only.,Fall & Spring,Entirely On-ground.,Music: Applied Study (UD),"Develop technical skills through pedagogically appropriate repertoire, exercises, and drills. Improve knowledge and awareness of musical style and performance practice. Develop effective strategies for creating new repertoire, solving musical problems, and increasing facility in your instrument. Bring a prescribed group of works to a performance-level standard of completion.",2023-09-15,2024-25,2
MUS 467,Applied Study: Composition,Music: Applied Study (UD),1-2,Individual instruction for music students at the Upper Division level. Students demonstrate progress before a faculty jury at the end of each semester. Audition required.,2 units of MUS180 Composers Workshop,Minimum of one course from the MUS 351-355 series.,Y,8,A-F grading only.,Fall & Spring,Entirely On-ground.,Music: Applied Study (UD),"Develop technical skills through pedagogically appropriate repertoire, exercises, and drills. Improve knowledge and awareness of musical style and performance practice. Develop effective strategies for creating new repertoire, solving musical problems, and increasing facility in composition. Bring a prescribed group of works to a performance-level standard of completion.",2023-09-15,2024-25,2
MUS 467A,Applied Study: Music Production,Music: Applied Study (UD),1-2,Individual instruction for music students at the Upper Division level. Students demonstrate progress before a faculty jury at the end of each semester. Audition required.,2 units of MUS180 Composers Workshop; MUS381 Essentials of Music Tech,Minimum of one course from the MUS 351-355 series.,Y,8,A-F grading only.,Fall & Spring,Entirely On-ground.,Music: Applied Study (UD),"Develop technical skills through pedagogically appropriate repertoire, exercises, and drills Improve knowledge and awareness of musical style and performance practice. Develop effective strategies for creating new repertoire, solving musical problems, and increasing facility in interactive and media composition. Bring a prescribed group of works to a performance-level standard of completion.",2023-09-15,2024-25,3
MUS 468,Applied Study: Conducting,Music: Applied Study (UD),1-2,Individual instruction for music students at the Upper Division level. Students demonstrate progress before a faculty jury at the end of each semester. Audition required.,MUS341 Basic Conducting,Minimum of one course from the MUS 351-355 series.,Y,8,A-F grading only.,Fall & Spring,Entirely On-ground.,Music: Applied Study (UD),"Develop technical skills through pedagogically appropriate repertoire, exercises, and drills. Improve knowledge and awareness of musical style and performance practice. Develop effective strategies for creating new repertoire, solving musical problems, and increasing facility in conducting. Bring a prescribed group of works to a performance-level standard of completion.",2023-09-15,2024-25,3
MUS 481,Vocal Coaching,Music: Performance,1-2,Individual vocal coaching in collaborative music making for music majors or minors. Coaching times arranged according to degree recital expectations as outlined in the music major handbook.,Department consent.,Minimum of one course from the MUS 461-469 series.,Y,8,A-F grading only.,Fall & Spring,Entirely On-ground.,Music: Performance,"To develop music literacy skills, such as identifying notes, intervals, chords, key signatures, time signatures, and rhythms; and using solfège to determine pitch relationships. To develop the skills of deliberate practice and build a toolbox of techniques to aid in learning and memorizing music and solving musical and technical problems To develop the musical skills required to collaborate effectively with an accompanist, including but not limited to: • identifying and articulating musical ideas and understanding their relationship to the text • listening to the musical elements of the accompaniment and responding to them in a flexible and musical manner To develop language skills as related to singing, including but not limited to: • diction • translation • poetic delivery and interpretation • character development To develop an understanding of musical styles, interpretation, and performance practice To develop and improve performance skills To develop all of these skills to a level consistent with the student's degree level",2023-09-15,2024-25,3
MUS 482,Instrumental Coaching,Music: Performance,1-2,Individual instrumental coaching in collaborative music making for music majors or minors. Coaching times arranged according to degree recital expectations as outlined in the music major handbook.,Department consent.,Minimum of one course from the MUS 461-469 series.,Y,8,A-F grading only.,Fall & Spring,Entirely On-ground.,Music: Performance,"To develop music literacy skills, such as identifying notes, intervals, chords, key signatures, time signatures, and rhythms; and using solfège to determine pitch relationships. To develop the skills of deliberate practice and build a toolbox of techniques to aid in learning and memorizing music and solving musical and technical problems. To develop the musical skills required to collaborate effectively with an accompanist, including but not limited to: • identifying and articulating musical ideas and understanding their relationship to one another • listening to the musical elements of the accompaniment and responding to them in a flexible and musical manner. To develop an understanding of musical styles, interpretation, and performance practice. To develop and improve performance skills. To develop all of these skills to a level consistent with the student's degree level.",2023-09-15,2024-25,3
MUS 485,"Advanced Sound Design I: Sampling, Editing, and Mixing",Music: Composition,3,"Advanced Sound Design 1: Sampling, Editing, and Mixing focuses on creative music production with sampling. Students develop advanced recording, editing, and processing techniques while building practical workflows for music, sound design, and multimedia applications through hands-on projects and critical listening.",MUS 381,,N,,A-F or CR/NC (student choice).,Spring ONLY,On-ground.,Music: Composition,"Understand Sound Design as both an artistic and technical process, and know the artistic and technical vocabulary with which a Sound Designer communicates. Examine the principles and techniques associated with sampling and samplers, including recording, editing, and programming Create fully functional sampler programs with their own source material Create an audio project based on the use of sampling and samplers",2025-09-15,2026-27,3
MUS 486,"Advanced Sound Design II: Synthesis, Modulation & Creative Digital Signal Processing",Music: Composition,3,"Synthesis, Modulation & Creative Digital Signal Processing serves advanced students interested in creating stand-alone electronic compositions. The course emphasizes synthesis programming, modulation, and computer-based composition techniques, developing skills in sound design, signal processing, and innovative digital workflows",MUS 381,,N,,A-F or CR/NC (student choice).,Fall ONLY,On-ground.,Music: Composition,"Students will master the fundamentals of sound, acoustics, and electronics with an emphasis on developing the basic knowledge and skills to create original sounds via audio synthesis. Reflect upon and analyze everyday sonic experiences and articulate them to others. Design and implement computer music applications using essential sound synthesis and programming techniques. Identify suitable synthesis techniques to develop a design strategy for a specific sound design problem.",2025-09-15,2026-27,3
MUS 490,Independent Study,Music: Undergraduate Research,1-3,Independent study (research or project) under the supervision a department faculty member.,Department consent and minimum 2.0 GPA.,,Y,6,A-F or CR/NC (student choice).,Fall & Spring,Entirely On-ground.,Music: Undergraduate Research,Student learning outcomes vary depending on the objectives of the independent study.,2023-09-14,2024-25,1
MUS 495,Music Education Practicum,Music: Music Education,2,"Practicum experience in K-12 public school class and rehearsal settings, involving observation and teaching under the supervision of music faculty. Focus on practical skills. Regularly scheduled seminars. Field trips required.",Instructor Permission.,,No,,A-F only,,Entirely On-ground,Music: Education,"Observe outstanding music teachers in authentic K-12 school based classroom and rehearsal settings. Observe a variety of age levels and disciplines Experience periodic, supervised teaching experiences Participate in regular seminars Relate experiences to current, relevant issues, such as cultural and other forms of diversity, significant national and global events, etc.",2016-05-13,semester conversion 2016,1
MUS 497,Contemporary Issues in Music Education,Music: Music Education,3,"Examination, discussion, and analysis of topics of consequence related to contemporary music teaching and learning.",,,Yes,Course may be repeated for credit for a maximum of 6 units.,A-F only,,Entirely On-ground,Music: Education,"Examine, discuss, and analyze topics of consequence in contemporary music education Present original views and conclusions related to contemporary music education Relate contemporary events to prior events/developments in the field music education Relate current issues to their implementation in contemporary school-based music education",2016-05-01,semester conversion 2016,1
MUS 498,Internship,Music: Undergraduate Research,1,Formal work opportunities integrating the academic program with their career aspirations. Integral hands-on experience enhancing education and preparing for professional and personal success.,"Department consent, and minimum 2.0 GPA.",,Y,6,CR/NC grading only.,Fall & Spring,Entirely On-ground.,Music: Undergraduate Research,Student learning outcomes vary depending on the objectives of the internship.,2023-02-14,2023-24,1
MUS 600,Seminar in Research Methodology,Music: Graduate Studies,3,"Tools and resources available to conduct research in music. Organize and undertake a thesis-directed research project investigating important and relevant questions in music, and communicate findings in an academic manner. Required for Advancement to Candidacy.",,,Yes,Course may be repeated for credit for a maximum of 6 units.,A-F only,,Entirely On-ground,Music: Graduate,"1. Actively participate in seminar discussions focused on important and relevant issues in the analysis of music; 2. Develop a thesis-based research project that addresses complex and challenging questions related to music through the application of critical thinking, analytical reasoning, and research methodology; 3. Draw upon a wide range of bibliographic tools and resources in and outside of music to research a relevant musical question or problem; 4. Communicate your findings clearly and persuasively through both written and verbal means; 5. Work cooperatively and respectfully with classmates on classroom, research, and presentation projects.",2016-02-05,semester conversion 2016,1
MUS 601,Analysis of Musical Styles: Birth and Death of Tonality,Music: Graduate Studies,2,Examine the evolution of tonality from the Renaissance to Romantic eras. Develop research proficiency and analytical skills through comparative analysis of selected works. Explore the rich history of music styles and their impact.,M.A. Music Major.,,N,,A-F grading only.,Fall Alternate Years,"Entirely On-ground, or Entirely Online.",Music: Graduate Theory and Composition,"Upon the completion of this course, students will be able to: demonstrate proficiency in musicological research methodologies, including the ability to critically evaluate scholarly sources, formulate research questions, and utilize appropriate bibliographic tools. develop effective communication skills through written analysis. They will be able to articulate complex musical concepts, tonal structures, and historical contexts coherently and concisely in a scholarly format adhering to proper citation styles. showcase a deep understanding of theoretical concepts learned throughout the course. This includes the ability to identify and analyze tonal structures, forms, and stylistic elements in musical compositions from the Renaissance to the Romantic era. develop critical thinking skills in interpreting and evaluating musical works. They will demonstrate the ability to connect historical and theoretical knowledge to their analyses, offering insightful perspectives on the birth and death of tonality within the broader context of music history.",2024-01-31,2024-25,2
MUS 602,Analysis of Musical Styles: Post-Tonality and Beyond,Music: Graduate Studies,2,"Embark on a research and analytical seminar exploring music from the turn-of-the-century to World War II. Investigate diverse musical landscapes, honing critical analysis and research skills within an evolving theoretical framework.",M.A. Music Major.,,N,,A-F grading only.,Fall Alternate Years,"Entirely On-ground, or Entirely Online.",Music: Graduate Theory and Composition,"Upon the completion of this course, students will be able to: develop advanced analytical skills, demonstrating a nuanced understanding of music from the 20th Century through the examination of diverse compositions and styles. engage in comprehensive research methodologies, acquiring the ability to investigate and analyze various musical topics, apply theoretical frameworks, and present findings in structured research papers. cultivate critical thinking skills by navigating evolving theoretical perspectives and exploring the historical and cultural contexts that influenced music during the 20th C, fostering a deeper understanding of artistic expression. enhance communication skills through the synthesis and presentation of research findings, fostering effective expression and engagement within a scholarly community.",2024-01-31,2024-25,2
MUS 603,Entrepreneurship in the Arts,Music: Graduate Studies,3,"Graduate-level course explores entrepreneurship in the arts and music industry. Analyze power dynamics, business aspects, and craft personal branding. Develop a comprehensive marketing plan, reflecting on arts' broader societal impact.",,,,,A-F grading only.,Fall Alternate Years,Entirely On-ground.,Music,"Upon the completion of this course, students will be able to: Analyze the impact of power and social identity on career options in various arts disciplines. Navigate the logistical and business aspects of arts industries, drawing inspiration from historical and contemporary perspectives. Identify and articulate personal career paths in the arts, employing tools such as résumés, cover letters, and online media. Develop and implement a comprehensive marketing plan tailored to achieve success in a chosen career path. Demonstrate an understanding of the societal impact of arts and humanities perspectives, using this knowledge for the benefit of local and global communities.",2024-01-31,2024-25,1
MUS 604,Sounding Justice: Unveiling the Ecological and Social Dimensions of Music,Music: Graduate Studies,2,"Explore the transformative nexus of music, environment, and social justice in ""Sounding Justice."" Dive into critical analyses, ethical reflections, and applied projects to harness the power of music for positive change.",,,,,A-F grading only.,Spring Alternate Years,Entirely On-ground.,Music,"Upon the completion of this course, students will be able to: Demonstrate a comprehensive understanding of the intricate relationships between music, the environment, and social justice. Develop critical analytical skills to assess the impact of music on environmental sustainability and its role in advocating for social change. Acquire practical skills in leveraging music as a tool for environmental sustainability and social justice, through hands-on projects and case studies. Engage in ethical reflection on the responsibilities and ethical considerations related to music creation, consumption, and advocacy for social causes. Enhance communication proficiency in articulating the relationships between music, the environment, and social justice, both in written and oral formats.",2024-01-31,2024-25,1
MUS 605,History and Theory of Jazz,Music: Graduate Studies,2,"This graduate seminar offers an in-depth exploration of jazz, unraveling its historical narratives and theoretical underpinnings. Dive into the evolution of jazz, dissecting key movements, influential figures, and the cultural forces that have shaped this dynamic and enduring genre.",,,,,A-F grading only.,Spring Alternate Years,Entirely On-ground.,Music,"Upon the completion of this course, students will be able to: Evaluate the historical development of jazz, recognizing key movements, styles, and influential figures. Analyze the theoretical frameworks underpinning jazz, including harmonic structures, improvisation techniques, and stylistic nuances. Explore the intersection of jazz with socio-cultural dynamics, understanding its impact on society and vice versa. Develop critical listening skills to discern and appreciate various jazz styles and innovations. Synthesize knowledge through research projects, presentations, and discussions, demonstrating a comprehensive understanding of jazz history and theory.",2024-01-31,2024-25,1
MUS 606,Interdisciplinary Collaboration in Music,Music: Graduate Studies,2,"Explore the dynamic fusion of music with diverse arts in ""Interdisciplinary Collaboration in Music Performance."" Composers, conductors, and performers engage in collaborative projects, adapting traditional practices for innovative, multidimensional performances. Thrive in the evolving landscape of interdisciplinary arts.",,,,,A-F grading only.,Fall Alternate Years,Entirely On-ground.,Music,"Upon the completion of this course, students will be able to: Create original compositions that seamlessly integrate music with diverse artistic disciplines, demonstrating a mastery of collaborative composition techniques and fostering interdisciplinary creativity. Refine their skills in leading ensembles that incorporate unconventional staging, multimedia elements, and collaborative artistic elements, showcasing adaptability and effective leadership in interdisciplinary settings. Engage in experimental projects, adapting to unconventional performance spaces and collaborating with artists from various disciplines, demonstrating the ability to contribute effectively to multidimensional and interdisciplinary performances. Critically analyze and discuss case studies of successful interdisciplinary collaborations in the music industry, gaining insights into effective communication, problem-solving, and artistic synthesis in diverse professional settings. Gain an understanding of career opportunities and challenges in interdisciplinary arts, developing the skills necessary to navigate and contribute to the evolving landscape of collaborative projects beyond academic contexts.",2024-01-31,2024-25,1
MUS 610,Seminar in Music of the 20th (post-1945) & 21st Centuries,Music: Graduate Studies,3,"Musical styles, forms and performance practice from 1945 to the present, with detailed analyses of representative works and close reading of historical writings.",,,,,A-F grading only.,Spring Alternate Years,Entirely On-ground.,Music: Graduate Theory and Composition,"Actively participate in seminar discussions focused on important and relevant issues in the analysis of music. Address complex and challenging questions related to music theory and musical analysis through the application of critical thinking, analytical reasoning, and research methodology. Communicate your findings clearly and persuasively through both written and verbal means. Work cooperatively and respectfully with classmates on classroom, research, and presentation projects.",2021-09-22,2021-22,1
MUS 622,Seminar in Asian Music and Culture,Music: Graduate Studies,3,"Music and culture of selected parts of Asia and the Asian diaspora. Issues of identity, politics, modernization, and globalization will be studied from an ethnomusicological perspective.",M.A. Music major,,No,,A-F only,,Entirely On-ground,Music: History and Literature: Graduate,"1. To learn to understand and appreciate selected music of Asia from an ethnomusicological perspective, that is, as developing through the unique conditions of the historical and cultural processes that gave rise to them; 2. To understand how these musical traditions continuously develop and transform in a contemporary world defined by large-scale processes such as globalization, mass mediation, and electronic communications; 3. Through the application of critical and creative thinking, communicate your understanding of how music in the culture you select answers or fulfills a particular problem or need;",2016-02-24,semester conversion 2016,1
MUS 630,Advanced Conducting,Music: Graduate Studies,2,"Ensemble conducting techniques including stylistic, pedagogical, and physical studies in gesture. Score analysis and ear training through the study of music from all genres and historical periods. Advanced rehearsal techniques and program building, including the development of ensemble.",Student enrolled in the M.A. in Music or MUS 441 or Instructor Permission,,Y,4,A-F grading only.,Fall Alternate Years,Entirely On-ground.,Music: Graduate Performance,"1. Read at sight with fluency, demonstrate keyboard competency, and sing in tune (alone and with others). 2. Demonstrate the knowledge and sufficient skills to work as a leader and in collaboration on matters of musical interpretation. 3. Show an understanding of the common elements and organizational patterns of music and their interaction, and demonstrate the ability to employ this understanding in aural, verbal, and visual analyses. 4. Demonstrate the ability to place music in historical, cultural, and stylistic contexts. 5. Show the ability to work independently on a variety of musical problems. 6. Form and defend value judgments about music. 7. Solve problems using quality reference, research, and pedagogical materials including technology.",2024-01-31,2024-25,2
MUS 631,Teaching Music in Higher Education,Music: Graduate Studies,2,"Preparation for careers in post-secondary education. Study of learning theories, curriculum development, assessment, and materials for teaching music in higher education.",M.A. Music major.,,N,,A-F grading only.,Spring Alternate Years,"Entirely On-ground, or Hybrid.",Music: Music Education,"Become familiar with a variety of teaching techniques/situations, such as lectures, small groups, individual lessons, and small/large ensemble rehearsals.Create curricular materials such as lesson/rehearsal plans and syllabi.Participate in peer teaching situations.Survey current resources/practices in higher education, i.e. textbooks, online/hybrid options, etc.Create a CV and participate in a mock job interview for a college/university position.",2024-01-31,2024-25,2
MUS 633,Pedagogy of Music Theory,Music: Graduate Studies,,"Materials, organization, techniques, and problems of the first two years of collegiate theory and musicianship teaching. Bibliographical survey of texts and materials, sample teaching, and observation of collegiate theory classes.",,,,,A-F grading only.,,,Music: Graduate,,2019-02-15,2019-20,1
MUS 638,History and Philosophy of Music Education,Music: Graduate Studies,,"Study of historical and philosophical trends in music education, with an emphasis on their application to current practices, scholarship, and policy in music teaching and learning.",,,,,A-F grading only.,,,Music: Graduate,,2019-02-15,2019-20,1
MUS 660A,Graduate Vocal Coaching,Music: Graduate Studies,1 - 2,Individual coaching in collaborative music making for music majors with Graduate-level performance ability. Coaching times arranged according to graduate degree recital expectations as outlined in the music major handbook.,Department consent.,MUS 662.,Y,8,A-F grading only.,Fall & Spring,Entirely On-ground.,Music: Graduate Performance,"To develop the musical skills required to collaborate effectively with an accompanist, including but not limited to identifying and articulating musical ideas and understanding their relationship to the text, and listening to the musical elements of the accompaniment part and responding to them flexibly and musically. To develop language skills related to singing, including but not limited to diction, translation, poetic delivery and interpretation, and character development. To develop an understanding of musical styles, interpretation, and performance practice to a level consistent with the student's degree level. To develop and improve performance skills to a level consistent with the student's degree level.",2024-01-31,2024-25,3
MUS 660B,Graduate Instrumental Coaching,Music: Graduate Studies,1 - 2,Individual coaching in collaborative music making for music majors with Graduate-level performance ability. Coaching times are arranged according to graduate degree recital expectations as outlined in the music major handbook.,Department consent.,"Minimum of one course from: MUS 661, MUS 661A, MUS 663 - MUS 669",Y,8,A-F grading only.,Fall & Spring,Entirely On-ground.,Music: Graduate Performance,"To develop the musical skills required to collaborate effectively with an accompanist, including but not limited to identifying and articulating musical ideas, and listening to the musical elements of the accompaniment part and responding to them flexibly and musically. To develop an understanding of musical styles, interpretation, and performance practice to a level consistent with the student's degree level. To develop and improve performance skills to a level consistent with the student's degree level.",2024-01-31,2024-25,3
MUS 661,Graduate Applied Study: Piano,Music: Graduate Studies,1 - 2,"Individual instruction for music majors at the graduate performance level. Students demonstrate progress before a faculty jury at the end of each semester, please refer to the Music Student Handbook for detailed information.",Department consent.,,Y,8,A-F grading only.,Fall & Spring,Entirely On-ground.,Music: Graduate Applied Study,"Develop technical skills through pedagogically appropriate repertoire, exercises, and drills. Improve knowledge and awareness of musical style and performance practice. Develop effective strategies for learning new repertoire, solving musical problems, and increasing facility. Bring a prescribed group of works to a performance-level standard of completion.",2024-01-31,2024-25,2
MUS 661A,Graduate Applied Study: Jazz Piano and Keyboard,Music: Graduate Studies,1 - 2,"Individual instruction for music majors at the graduate performance level. Students demonstrate progress before a faculty jury at the end of each semester, please refer to the Music Student Handbook for detailed information.",Department consent.,,Y,8,A-F grading only.,Fall & Spring,Entirely On-ground.,Music: Graduate Applied Study,"Develop technical skills through pedagogically appropriate repertoire, exercises, and drills. Improve knowledge and awareness of musical style and performance practice. Develop effective strategies for learning new repertoire, solving musical problems, and increasing facility. Bring a prescribed group of works to a performance-level standard of completion.",2024-01-31,2024-25,4
MUS 662,Graduate Applied Study: Voice,Music: Graduate Studies,1 - 2,"Individual instruction for music majors or minors with Graduate-level performance ability. Audition required. At the end of the second semester of study, students demonstrate their progress before a faculty jury. A failed jury results in a failing grade for the course.",Department consent,,Y,8,A-F grading only.,Fall & Spring,Entirely On-ground.,Music: Graduate Applied Study,"Develop technical skills through pedagogically appropriate repertoire, exercises, and drills. Improve knowledge and awareness of musical style and performance practice. Develop effective strategies for learning new repertoire, solving musical problems, and increasing facility. Bring a prescribed group of works to a performance-level standard of completion.",2024-01-31,2024-25,4
MUS 663,Graduate Applied Study: Strings,Music: Graduate Studies,1 - 2,"Individual instruction for music majors at the graduate performance level. Students demonstrate progress before a faculty jury at the end of each semester, please refer to the Music Student Handbook for detailed information.",,,Y,8,A-F grading only.,Fall & Spring,Entirely On-ground.,Music: Graduate Applied Study,"Develop technical skills through pedagogically appropriate repertoire, exercises, and drills. Improve knowledge and awareness of musical style and performance practice. Develop effective strategies for learning new repertoire, solving musical problems, and increasing facility. Bring a prescribed group of works to a performance-level standard of completion.",2024-01-31,2024-25,2
MUS 663A,Graduate Applied Study: Jazz Strings,Music: Graduate Studies,1 - 2,"Individual instruction for music majors at the graduate performance level. Students demonstrate progress before a faculty jury at the end of each semester, please refer to the Music Student Handbook for detailed information.",Department consent,,Y,8,A-F grading only.,Fall & Spring,Entirely On-ground.,Music: Graduate Applied Study,"Develop technical skills through pedagogically appropriate repertoire, exercises, and drills. Improve knowledge and awareness of musical style and performance practice. Develop effective strategies for learning new repertoire, solving musical problems, and increasing facility. Bring a prescribed group of works to a performance-level standard of completion.",2024-01-31,2024-25,4
MUS 664,Graduate Applied Study: Woodwinds,Music: Graduate Studies,1 - 2,"Individual instruction for music majors at the graduate performance level. Students demonstrate progress before a faculty jury at the end of each semester, please refer to the Music Student Handbook for detailed information.",,,Y,8,A-F grading only.,Fall & Spring,Entirely On-ground.,Music: Graduate Applied Study,"Develop technical skills through pedagogically appropriate repertoire, exercises, and drills. Improve knowledge and awareness of musical style and performance practice. Develop effective strategies for learning new repertoire, solving musical problems, and increasing facility. Bring a prescribed group of works to a performance-level standard of completion.",2024-01-31,2024-25,2
MUS 664A,Graduate Applied Study: Jazz Woodwinds,Music: Graduate Studies,1 - 2,"Individual instruction for music majors at the graduate performance level. Students demonstrate progress before a faculty jury at the end of each semester, please refer to the Music Student Handbook for detailed information.",Department consent,,Y,8,A-F grading only.,Fall & Spring,Entirely On-ground.,Music: Graduate Applied Study,"Develop technical skills through pedagogically appropriate repertoire, exercises, and drills. Improve knowledge and awareness of musical style and performance practice. Develop effective strategies for learning new repertoire, solving musical problems, and increasing facility. Bring a prescribed group of works to a performance-level standard of completion.",2024-01-31,2024-25,4
MUS 665,Graduate Applied Study: Brass,Music: Graduate Studies,1 - 2,"Individual instruction for music majors at the graduate performance level. Students demonstrate progress before a faculty jury at the end of each semester, please refer to the Music Student Handbook for detailed information.",,,Y,8,A-F grading only.,Fall & Spring,Entirely On-ground.,Music: Graduate Applied Study,"Develop technical skills through pedagogically appropriate repertoire, exercises, and drills. Improve knowledge and awareness of musical style and performance practice. Develop effective strategies for learning new repertoire, solving musical problems, and increasing facility. Bring a prescribed group of works to a performance-level standard of completion.",2024-01-31,2024-25,2
MUS 665A,Graduate Applied Study: Jazz Brass,Music: Graduate Studies,1 - 2,"Individual instruction for music majors at the graduate performance level. Students demonstrate progress before a faculty jury at the end of each semester, please refer to the Music Student Handbook for detailed information.",Department consent,,Y,8,A-F grading only.,Fall & Spring,Entirely On-ground.,Music: Graduate Applied Study,"Develop technical skills through pedagogically appropriate repertoire, exercises, and drills. Improve knowledge and awareness of musical style and performance practice. Develop effective strategies for learning new repertoire, solving musical problems, and increasing facility. Bring a prescribed group of works to a performance-level standard of completion.",2024-01-31,2024-25,4
MUS 666,Graduate Applied Study: Percussion,Music: Graduate Studies,1 - 2,"Individual instruction for music majors at the graduate performance level. Students demonstrate progress before a faculty jury at the end of each semester, please refer to the Music Student Handbook for detailed information.",Department consent,,Y,8,A-F grading only.,Fall & Spring,Entirely On-ground.,Music: Graduate Applied Study,"Develop technical skills through pedagogically appropriate repertoire, exercises, and drills. Improve knowledge and awareness of musical style and performance practice. Develop effective strategies for learning new repertoire, solving musical problems, and increasing facility. Bring a prescribed group of works to a performance-level standard of completion.",2024-01-31,2024-25,4
MUS 666A,Graduate Applied Study: Jazz Percussion,Music: Graduate Studies,1 - 2,"Individual instruction for music majors at the graduate performance level. Students demonstrate progress before a faculty jury at the end of each semester, please refer to the Music Student Handbook for detailed information.",Department consent.,,Y,8,A-F grading only.,Fall & Spring,Entirely On-ground.,Music: Graduate Applied Study,"Develop technical skills through pedagogically appropriate repertoire, exercises, and drills. Improve knowledge and awareness of musical style and performance practice. Develop effective strategies for learning new repertoire, solving musical problems, and increasing facility. Bring a prescribed group of works to a performance-level standard of completion.",2024-01-31,2024-25,2
MUS 667,Graduate Applied Study: Composition,Music: Graduate Studies,1 - 2,"Individual instruction for music majors at the graduate performance level. Students demonstrate progress before a faculty jury at the end of each semester, please refer to the Music Student Handbook for detailed information.",,,Y,8,A-F grading only.,Fall & Spring,Entirely On-ground.,Music: Graduate Applied Study,"Develop technical skills through pedagogically appropriate repertoire, exercises, and drills. Improve knowledge and awareness of musical style and performance practice. Develop effective strategies for learning new repertoire, solving musical problems, and increasing facility. Bring a prescribed group of works to a performance-level standard of completion.",2024-01-31,2024-25,2
MUS 668,Graduate Applied Study: Conducting,Music: Graduate Studies,1 - 2,"Individual instruction for music majors at the graduate performance level. Students demonstrate progress before a faculty jury at the end of each semester, please refer to the Music Student Handbook for detailed information.",Department consent,,Y,8,A-F grading only.,Fall & Spring,Entirely On-ground.,Music: Graduate Applied Study,"Develop technical skills through pedagogically appropriate repertoire, exercises, and drills. Improve knowledge and awareness of musical style and performance practice. Develop effective strategies for learning new repertoire, solving musical problems, and increasing facility. Bring a prescribed group of works to a performance-level standard of completion.",2024-01-31,2024-25,4
MUS 671,Kodály Pedagogy,Music: Graduate Studies,1,"An introduction to the philosophy and practice of the Kodály-based curriculum of music teaching and learning. Curriculum development, teaching techniques, lesson planning and supportive song literature including singing games and dances.",,,,4,A-F or CR/NC (student choice).,Variable Intermittently,On-ground.,Music: Graduate Studies,"Explain the Kodály Concept as it applies to grades K–3, including the principles of “sound before symbol,” sequential skill development, and the use of quality repertoire. Demonstrate musicianship through singing, solfege, and rhythm syllables appropriate to K–3, showing accuracy in pitch, rhythm, and inner hearing. Perform and lead a repertoire of children’s songs, games, and folk materials (including multicultural examples) suitable for K–3 classrooms, with attention to musical and pedagogical value. Design and implement sequential lesson plans for K–3 that reflect Kodály-based pedagogy, using the prepare–present–practice model. Teach foundational literacy skills (pitch, rhythm, inner hearing, movement) using Kodály strategies for early grades, demonstrated through micro-teaching and peer feedback.",2025-09-14,2026-27,1
MUS 676,Introduction to Orff Schulwerk,Music: Graduate Studies,1,"Exploration of the Orff Schulwerk approach to music education. Focus on elementary music, improvisation, movement, and instruments. Includes curriculum development, lesson design, teaching methods, and supportive song, speech, and dance literature.",,,,4,A-F or CR/NC (student choice).,Summer ONLY,On-ground.,Music: Graduate Studies,"Explain the core principles of Orff Schulwerk in music teaching and learning. Demonstrate musicianship through singing, movement, percussion, and improvisation. Teach and adapt multicultural repertoire of songs, games, and dances for classroom use. Design sequential lesson plans using Orff processes of imitation, exploration, improvisation and creation. Lead inclusive classroom activities that support diverse learners.",2025-09-15,2026-27,1
MUS 678,Introduction to Dalcroze Eurythmics,Music: Graduate Studies,1,"Study of Dalcroze Eurythmics approach. Emphasis on embodied rhythm, improvisation, solfège, and active listening. Includes curriculum planning, pedagogical methods, and movement-based strategies for developing musicianship and creative teaching.",,,,4,A-F or CR/NC (student choice).,Summer ONLY,On-ground.,Music: Graduate Studies,"Articulate the principles of Dalcroze Eurythmics and their applications to music teaching and learning. Demonstrate musicianship through rhythmic movement, solfège, improvisation, and ensemble responsiveness. Design lesson plans that incorporate movement, improvisation, and solfège in support of student learning outcomes. Lead classroom activities that develop rhythmic precision, inner hearing, coordination, and expressive performance. Reflect critically on the pedagogical value of embodiment and improvisation in music education.",2025-09-15,2026-27,1
MUS 690,Independent Study,Music: Graduate Studies,1-3,Selected research topics agreed on between the student and the faculty supervising the course. A plan of work completion must be approved prior to proceeding with the project.,Graduate students with at least a 3.0 (B) grade point average in all courses in the field or department in which the Independent Study is to be taken. Department Consent.,,Yes,"May be repeated for credit with consent of instructor, for a maximum of 3 units.",A-F only,,Entirely On-ground,Music: Graduate,,2016-02-26,semester conversion 2016,1
MUS 691,University Thesis,Music: Graduate Studies,1-4,"Development and completion of a formal written thesis for submission to the university. Supervision by a departmental committee, at least one of whom must be a Cal State East Bay faculty member. Oral defense required. (See also “University Thesis Writing Guide,” www.csueastbay.edu/thesiswritingguide).",M.A. Music student and department consent.,,Yes,May be repeated for credit for a maximum of 4 units.,A-F only,,Entirely On-ground,Music: Graduate,"In this course, students will:  Plan and complete a formal written thesis that demonstrates mastery in the areas of composition, music theory, music history, or music education;  Address significant and relevant issues through critical and creative thinking and analytical reasoning;  Work collaboratively and respectfully with their thesis committee.",2016-02-26,semester conversion 2016,1
MUS 692,Comprehensive Exam Review,Music: Graduate Studies,,Selected readings in consultation with two faculty members in preparation for the Master’s Comprehensive Examination in music. The selected readings and the exams must be consistent with the student’s areas of concentration and approved by the faculty mentors.,,,,,A-F grading only.,,,Music: Graduate Research,"1. Students will demonstrate the ability to complete in-depth research into selected areas within their particular disciplines. 2. Students will demonstrate knowledge of significant scholarship and/or creative output, consistent with standard graduate level expectations, in their respective disciplines. 3. Students will demonstrate their mastery via both oral and written means, in the form of papers or other scholarly documents as well as with an oral examination/defense.",2019-08-30,Z-8-CN2: Course - ,1
MUS 693,Graduate Music Capstone,Music: Graduate Studies,1,"Students receive individualized guidance in the preparation and completion of their final capstone project. Students will develop an approach, timeline, and realize this project at the level of artistry and professionalism required to succeed in their field.",M.A. Music student and department consent.,,Y,4,A-F grading only.,Fall & Spring,Entirely On-ground.,Music: Graduate Research,"Upon the completion of this course: Strategize and execute a sophisticated project showcasing your expertise in your chosen area of emphasis. Tackle substantial and pertinent challenges using a combination of critical thinking, creative problem-solving, and analytical reasoning. Engage in collaborative efforts with a focus on fostering respect and effective teamwork.",2024-01-31,2024-25,2
MUS 697,Issues in Music,Music: Graduate Studies,3,"Graduate seminar focused on readings, discussion, and research on significant issues in music.",consent of instructor.,,Yes,May be repeated for a maximum of 6 units when content varies.,A-F only,,Entirely On-ground,Music: Graduate,"In this course, students will:  Address significant and relevant issues in music through critical and creative thinking and analytical reasoning;  Clearly and persuasively communicate one’s findings to others;  Work collaboratively and respectfully with classmates and instructors in, and outside of, the classroom.",2016-02-26,semester conversion 2016,1
MUS 698,Internship,Music: Graduate Studies,,,,,,,,,,,,,,0
MUS 699,Departmental Thesis,Music: Graduate Studies,,"Development and writing of a research paper for submission to the music department, using a department-specified format. Supervision by a departmental committee, at least two of whom must be faculty members of the department of music. Oral defense normally required.",,,,,A-F grading only.,,,Music: Graduate Research,"1. Students will demonstrate the ability to complete in-depth research into selected areas within their particular disciplines. 2. Students will demonstrate knowledge of significant scholarship and/or creative output, consistent with standard graduate level expectations, in their respective disciplines. 3. Students will demonstrate their mastery of the determined content through the creation and submission of a substantial written document 4. Students will present an oral defense of the final document",2019-08-30,Z-8-CN2: Course - ,1
